--
-- PostgreSQL database dump
--

-- Dumped from database version 17.4
-- Dumped by pg_dump version 17.4

-- Started on 2025-05-27 00:37:16

SET statement_timeout = 0;
SET lock_timeout = 0;
SET idle_in_transaction_session_timeout = 0;
SET transaction_timeout = 0;
SET client_encoding = 'UTF8';
SET standard_conforming_strings = on;
SELECT pg_catalog.set_config('search_path', '', false);
SET check_function_bodies = false;
SET xmloption = content;
SET client_min_messages = warning;
SET row_security = off;

--
-- TOC entry 4830 (class 1262 OID 16387)
-- Name: aluno_sala_p3b; Type: DATABASE; Schema: -; Owner: postgres
--

CREATE DATABASE aluno_sala_p3b WITH TEMPLATE = template0 ENCODING = 'UTF8' LOCALE_PROVIDER = libc LOCALE = 'pt-BR';


ALTER DATABASE aluno_sala_p3b OWNER TO postgres;

\connect aluno_sala_p3b

SET statement_timeout = 0;
SET lock_timeout = 0;
SET idle_in_transaction_session_timeout = 0;
SET transaction_timeout = 0;
SET client_encoding = 'UTF8';
SET standard_conforming_strings = on;
SELECT pg_catalog.set_config('search_path', '', false);
SET check_function_bodies = false;
SET xmloption = content;
SET client_min_messages = warning;
SET row_security = off;

SET default_tablespace = '';

SET default_table_access_method = heap;

--
-- TOC entry 217 (class 1259 OID 16388)
-- Name: aluno; Type: TABLE; Schema: public; Owner: postgres
--

CREATE TABLE public.aluno (
    id bigint NOT NULL,
    cpf character varying(255),
    email character varying(255),
    nome character varying(255)
);


ALTER TABLE public.aluno OWNER TO postgres;

--
-- TOC entry 218 (class 1259 OID 16395)
-- Name: aluno_seq; Type: SEQUENCE; Schema: public; Owner: postgres
--

CREATE SEQUENCE public.aluno_seq
    START WITH 1
    INCREMENT BY 50
    NO MINVALUE
    NO MAXVALUE
    CACHE 1;


ALTER SEQUENCE public.aluno_seq OWNER TO postgres;

--
-- TOC entry 222 (class 1259 OID 16444)
-- Name: disciplina; Type: TABLE; Schema: public; Owner: postgres
--

CREATE TABLE public.disciplina (
    id bigint NOT NULL,
    carga_horaria integer,
    nome character varying(255),
    professor_id bigint
);


ALTER TABLE public.disciplina OWNER TO postgres;

--
-- TOC entry 221 (class 1259 OID 16443)
-- Name: disciplina_id_seq; Type: SEQUENCE; Schema: public; Owner: postgres
--

ALTER TABLE public.disciplina ALTER COLUMN id ADD GENERATED BY DEFAULT AS IDENTITY (
    SEQUENCE NAME public.disciplina_id_seq
    START WITH 1
    INCREMENT BY 1
    NO MINVALUE
    NO MAXVALUE
    CACHE 1
);


--
-- TOC entry 225 (class 1259 OID 33380)
-- Name: disciplina_seq; Type: SEQUENCE; Schema: public; Owner: postgres
--

CREATE SEQUENCE public.disciplina_seq
    START WITH 1
    INCREMENT BY 50
    NO MINVALUE
    NO MAXVALUE
    CACHE 1;


ALTER SEQUENCE public.disciplina_seq OWNER TO postgres;

--
-- TOC entry 224 (class 1259 OID 16455)
-- Name: matricula_aluno; Type: TABLE; Schema: public; Owner: postgres
--

CREATE TABLE public.matricula_aluno (
    id bigint NOT NULL,
    nota1 double precision,
    nota2 double precision,
    status character varying(255),
    aluno_id bigint,
    disciplina_id bigint,
    CONSTRAINT matricula_aluno_status_check CHECK (((status)::text = ANY ((ARRAY['MATRICULADO'::character varying, 'APROVADO'::character varying, 'REPROVADO'::character varying, 'TRANCADO'::character varying])::text[])))
);


ALTER TABLE public.matricula_aluno OWNER TO postgres;

--
-- TOC entry 223 (class 1259 OID 16454)
-- Name: matricula_aluno_id_seq; Type: SEQUENCE; Schema: public; Owner: postgres
--

ALTER TABLE public.matricula_aluno ALTER COLUMN id ADD GENERATED BY DEFAULT AS IDENTITY (
    SEQUENCE NAME public.matricula_aluno_id_seq
    START WITH 1
    INCREMENT BY 1
    NO MINVALUE
    NO MAXVALUE
    CACHE 1
);


--
-- TOC entry 226 (class 1259 OID 33381)
-- Name: matricula_aluno_seq; Type: SEQUENCE; Schema: public; Owner: postgres
--

CREATE SEQUENCE public.matricula_aluno_seq
    START WITH 1
    INCREMENT BY 50
    NO MINVALUE
    NO MAXVALUE
    CACHE 1;


ALTER SEQUENCE public.matricula_aluno_seq OWNER TO postgres;

--
-- TOC entry 219 (class 1259 OID 16435)
-- Name: professor; Type: TABLE; Schema: public; Owner: postgres
--

CREATE TABLE public.professor (
    id bigint NOT NULL,
    cpf character varying(255),
    email character varying(255),
    nome character varying(255)
);


ALTER TABLE public.professor OWNER TO postgres;

--
-- TOC entry 220 (class 1259 OID 16442)
-- Name: professor_seq; Type: SEQUENCE; Schema: public; Owner: postgres
--

CREATE SEQUENCE public.professor_seq
    START WITH 1
    INCREMENT BY 50
    NO MINVALUE
    NO MAXVALUE
    CACHE 1;


ALTER SEQUENCE public.professor_seq OWNER TO postgres;

--
-- TOC entry 4815 (class 0 OID 16388)
-- Dependencies: 217
-- Data for Name: aluno; Type: TABLE DATA; Schema: public; Owner: postgres
--

INSERT INTO public.aluno VALUES (3, '174.87.876-87', 'neto@gmail.com', 'maria');
INSERT INTO public.aluno VALUES (5, '145.87.876-87', 'ana@gmail.com', 'Ana');
INSERT INTO public.aluno VALUES (6, '871.87.876-34', 'jr@gmail.com', 'Junior');
INSERT INTO public.aluno VALUES (52, '871.87.876-34', 'jr@gmail.com', 'Tommy White');
INSERT INTO public.aluno VALUES (103, '871.87.876-34', 'fake Noemy79@yahoo.com', 'Sheila Sanford');
INSERT INTO public.aluno VALUES (104, '871.87.876-34', 'fake Kennedy.Koelpin37@yahoo.com', 'Ellen Feest');
INSERT INTO public.aluno VALUES (1, '123.123.123-84', 'atuu@nonomail.com', 'neto atuu');
INSERT INTO public.aluno VALUES (152, '222.874.876-34', 'fake Caesar49@hotmail.com', 'Rosemarie Goodwin-Wisoky');
INSERT INTO public.aluno VALUES (153, '222.874.876-34', 'fake Quentin_Borer@hotmail.com', 'Sheryl McLaughlin');
INSERT INTO public.aluno VALUES (154, '222.874.876-34', 'fake Jewell.Hudson2@gmail.com', 'Angel Kautzer');
INSERT INTO public.aluno VALUES (202, '222.874.876-34', 'fake Althea.Steuber10@hotmail.com', 'Vincent Gleason');
INSERT INTO public.aluno VALUES (203, '222.874.876-34', 'fake Alexandre62@gmail.com', 'Clint Schaden');
INSERT INTO public.aluno VALUES (204, '222.874.876-34', 'fake Sister_Orn79@gmail.com', 'Dr. Glenda Leuschke');
INSERT INTO public.aluno VALUES (205, '222.874.876-34', 'fake Suzanne.Effertz@yahoo.com', 'Yvonne Hane');
INSERT INTO public.aluno VALUES (206, '222.874.876-34', 'fake Kirk24@hotmail.com', 'Raquel Stamm');
INSERT INTO public.aluno VALUES (207, '222.874.876-34', 'fake Annamarie_Balistreri77@gmail.com', 'Mr. Barry Schoen');
INSERT INTO public.aluno VALUES (208, '222.874.876-34', 'fake Veda.Padberg1@gmail.com', 'Jimmy Grady MD');
INSERT INTO public.aluno VALUES (209, '222.874.876-34', 'fake Laurel_Jacobs@hotmail.com', 'Dr. Katie Bins-Purdy');
INSERT INTO public.aluno VALUES (210, '222.874.876-34', 'fake Fae.Nitzsche@hotmail.com', 'Reginald Boehm III');
INSERT INTO public.aluno VALUES (211, '222.874.876-34', 'fake Wava40@gmail.com', 'Tyrone Heaney III');
INSERT INTO public.aluno VALUES (212, '222.874.876-34', 'fake Krystel73@gmail.com', 'Clay Leffler');
INSERT INTO public.aluno VALUES (252, '222.874.876-34', 'fake Alphonso_Labadie10@hotmail.com', 'Mrs. Brandy Jenkins');
INSERT INTO public.aluno VALUES (102, '123.123.123-84', 'atuu@nonomail.com', 'neto atuu');


--
-- TOC entry 4820 (class 0 OID 16444)
-- Dependencies: 222
-- Data for Name: disciplina; Type: TABLE DATA; Schema: public; Owner: postgres
--

INSERT INTO public.disciplina VALUES (3, 60, 'Padroes de projeto', 1);
INSERT INTO public.disciplina VALUES (4, 60, 'Padroes de projeto', 1);
INSERT INTO public.disciplina VALUES (6, 60, 'ihc', 3);
INSERT INTO public.disciplina VALUES (8, 60, 'ihc', 4);
INSERT INTO public.disciplina VALUES (9, 60, 'ihc', 4);
INSERT INTO public.disciplina VALUES (10, 60, 'ihc', 4);
INSERT INTO public.disciplina VALUES (11, 60, 'liguagem', 4);
INSERT INTO public.disciplina VALUES (12, 60, 'liguagem de programacao', 5);
INSERT INTO public.disciplina VALUES (5, 65, 'liguagem de programacao', 3);
INSERT INTO public.disciplina VALUES (1, 40, 'teste logica', NULL);


--
-- TOC entry 4822 (class 0 OID 16455)
-- Dependencies: 224
-- Data for Name: matricula_aluno; Type: TABLE DATA; Schema: public; Owner: postgres
--

INSERT INTO public.matricula_aluno VALUES (3, NULL, NULL, 'MATRICULADO', 5, 1);
INSERT INTO public.matricula_aluno VALUES (1, 7, 7, 'APROVADO', 1, 1);
INSERT INTO public.matricula_aluno VALUES (2, 5, 7, 'REPROVADO', 3, 1);
INSERT INTO public.matricula_aluno VALUES (4, NULL, NULL, 'TRANCADO', 6, 1);
INSERT INTO public.matricula_aluno VALUES (6, NULL, NULL, 'TRANCADO', 204, 3);
INSERT INTO public.matricula_aluno VALUES (5, 6, 7.5, 'REPROVADO', 203, 3);
INSERT INTO public.matricula_aluno VALUES (7, 10, 7.5, 'APROVADO', 205, 4);


--
-- TOC entry 4817 (class 0 OID 16435)
-- Dependencies: 219
-- Data for Name: professor; Type: TABLE DATA; Schema: public; Owner: postgres
--

INSERT INTO public.professor VALUES (3, '109.737.765-87', 'Frederick69@yahoo.com', 'Kari Fisher');
INSERT INTO public.professor VALUES (5, '109.737.765-87', 'Reid55@hotmail.com', 'Irvin Jast');
INSERT INTO public.professor VALUES (52, '871.487.876-34', 'neto@hotmail.com', 'neto');
INSERT INTO public.professor VALUES (53, '871.487.876-34', 'Daphnee.Hirthe@yahoo.com', 'Inez Tillman');
INSERT INTO public.professor VALUES (54, '871.487.876-34', 'Kattie_Turcotte@hotmail.com', 'Hazel Kuvalis V');
INSERT INTO public.professor VALUES (1, '123.123.123-84', 'atuu@nonomail.com', 'neto atuu');
INSERT INTO public.professor VALUES (56, '871.487.876-34', 'Thad_Schaden@hotmail.com', 'Mrs. Priscilla Altenwerth');
INSERT INTO public.professor VALUES (57, '871.487.876-34', 'Felicia48@hotmail.com', 'Melba Reynolds');
INSERT INTO public.professor VALUES (58, '871.487.876-34', 'Armani_Braun@hotmail.com', 'Miss Irma Bernhard');
INSERT INTO public.professor VALUES (59, '871.487.876-34', 'Carol_OReilly@yahoo.com', 'Natasha Conroy V');
INSERT INTO public.professor VALUES (61, '871.487.876-34', 'Orville.Terry@hotmail.com', 'Antonia Jacobs');
INSERT INTO public.professor VALUES (60, '871.487.876-34', 'Kirsten.Hoppe@hotmail.com', 'Cornelius Cassin');
INSERT INTO public.professor VALUES (62, '871.487.876-34', 'Adalberto_Balistreri@yahoo.com', 'Dustin Ledner');
INSERT INTO public.professor VALUES (63, '871.487.876-34', 'Cooper_Ankunding55@yahoo.com', 'Duane Christiansen');
INSERT INTO public.professor VALUES (64, '871.487.876-34', 'Bud8@gmail.com', 'Dr. Wm Lebsack');
INSERT INTO public.professor VALUES (65, '871.487.876-34', 'Coby.Murray5@yahoo.com', 'Dr. Jasmine Turner DDS');
INSERT INTO public.professor VALUES (102, '871.487.876-34', 'Christelle_Franey60@gmail.com', 'Delores McGlynn');
INSERT INTO public.professor VALUES (4, '123.123.123-84', 'atuu@nonomail.com', 'neto atuu');
INSERT INTO public.professor VALUES (6, '123.123.123-84', 'atuu@nonomail.com', 'neto atuu');


--
-- TOC entry 4831 (class 0 OID 0)
-- Dependencies: 218
-- Name: aluno_seq; Type: SEQUENCE SET; Schema: public; Owner: postgres
--

SELECT pg_catalog.setval('public.aluno_seq', 301, true);


--
-- TOC entry 4832 (class 0 OID 0)
-- Dependencies: 221
-- Name: disciplina_id_seq; Type: SEQUENCE SET; Schema: public; Owner: postgres
--

SELECT pg_catalog.setval('public.disciplina_id_seq', 12, true);


--
-- TOC entry 4833 (class 0 OID 0)
-- Dependencies: 225
-- Name: disciplina_seq; Type: SEQUENCE SET; Schema: public; Owner: postgres
--

SELECT pg_catalog.setval('public.disciplina_seq', 51, true);


--
-- TOC entry 4834 (class 0 OID 0)
-- Dependencies: 223
-- Name: matricula_aluno_id_seq; Type: SEQUENCE SET; Schema: public; Owner: postgres
--

SELECT pg_catalog.setval('public.matricula_aluno_id_seq', 4, true);


--
-- TOC entry 4835 (class 0 OID 0)
-- Dependencies: 226
-- Name: matricula_aluno_seq; Type: SEQUENCE SET; Schema: public; Owner: postgres
--

SELECT pg_catalog.setval('public.matricula_aluno_seq', 51, true);


--
-- TOC entry 4836 (class 0 OID 0)
-- Dependencies: 220
-- Name: professor_seq; Type: SEQUENCE SET; Schema: public; Owner: postgres
--

SELECT pg_catalog.setval('public.professor_seq', 151, true);


--
-- TOC entry 4660 (class 2606 OID 16394)
-- Name: aluno aluno_pkey; Type: CONSTRAINT; Schema: public; Owner: postgres
--

ALTER TABLE ONLY public.aluno
    ADD CONSTRAINT aluno_pkey PRIMARY KEY (id);


--
-- TOC entry 4664 (class 2606 OID 16448)
-- Name: disciplina disciplina_pkey; Type: CONSTRAINT; Schema: public; Owner: postgres
--

ALTER TABLE ONLY public.disciplina
    ADD CONSTRAINT disciplina_pkey PRIMARY KEY (id);


--
-- TOC entry 4666 (class 2606 OID 16460)
-- Name: matricula_aluno matricula_aluno_pkey; Type: CONSTRAINT; Schema: public; Owner: postgres
--

ALTER TABLE ONLY public.matricula_aluno
    ADD CONSTRAINT matricula_aluno_pkey PRIMARY KEY (id);


--
-- TOC entry 4662 (class 2606 OID 16441)
-- Name: professor professor_pkey; Type: CONSTRAINT; Schema: public; Owner: postgres
--

ALTER TABLE ONLY public.professor
    ADD CONSTRAINT professor_pkey PRIMARY KEY (id);


--
-- TOC entry 4668 (class 2606 OID 16466)
-- Name: matricula_aluno fk4mtt3iew11xcs5i7tshj7la9q; Type: FK CONSTRAINT; Schema: public; Owner: postgres
--

ALTER TABLE ONLY public.matricula_aluno
    ADD CONSTRAINT fk4mtt3iew11xcs5i7tshj7la9q FOREIGN KEY (disciplina_id) REFERENCES public.disciplina(id);


--
-- TOC entry 4669 (class 2606 OID 16461)
-- Name: matricula_aluno fkn1iea49e3kxfecd5e27i7lvak; Type: FK CONSTRAINT; Schema: public; Owner: postgres
--

ALTER TABLE ONLY public.matricula_aluno
    ADD CONSTRAINT fkn1iea49e3kxfecd5e27i7lvak FOREIGN KEY (aluno_id) REFERENCES public.aluno(id);


--
-- TOC entry 4667 (class 2606 OID 16449)
-- Name: disciplina fkoqie7f1kx32b1atco9fpgxd7g; Type: FK CONSTRAINT; Schema: public; Owner: postgres
--

ALTER TABLE ONLY public.disciplina
    ADD CONSTRAINT fkoqie7f1kx32b1atco9fpgxd7g FOREIGN KEY (professor_id) REFERENCES public.professor(id);


-- Completed on 2025-05-27 00:37:16

--
-- PostgreSQL database dump complete
--

